Index,Title,Website,Rank
77,1917,no film school,-1
146,12 years a slave,insider,45
224,12 years a slave,gamesradar,67
324,12 years a slave,avclub,68
526,12 years a slave,the stacker,3
542,12 years a slave,uproxx,-1
560,12 years a slave,rotten tomatoes,-1
921,12 years a slave,independent,12
972,12 years a slave,cnet,23
1016,12 years a slave,columbus underground,3
1074,12 years a slave,town and country mag,-1
1193,12 years a slave,reddit users,49
1314,12 years a slave,the playlist,43
561,20 feet from stardom,rotten tomatoes,-1
919,20th century women,independent,10
1343,20th century women,the playlist,14
505,45 years,the stacker,24
562,45 years,rotten tomatoes,-1
1338,45 years,the playlist,19
578,a beautiful day in the neighborhood,rotten tomatoes,-1
476,a bread factory part one part two,the stacker,53
45,a dark song,vulture,46
615,a fantastic woman,rotten tomatoes,-1
431,a film unfinished,the stacker,98
333,a ghost story,avclub,59
423,a ghost story,new yorker,6
626,a ghost story,rotten tomatoes,-1
1296,a ghost story,the playlist,61
192,a girl walks home alone at night,gamesradar,99
468,a prophet,the stacker,61
1339,a prophet,the playlist,18
425,a quiet passion,new yorker,4
942,a quiet passion,independent,33
127,a quiet place,insider,64
213,a quiet place,gamesradar,78
702,a quiet place,rotten tomatoes,-1
998,a quiet place,looper,-1
1047,a quiet place,nme,12
1194,a quiet place,reddit users,50
424,a screaming man,new yorker,5
4,a separation,vulture,5
131,a separation,insider,60
388,a separation,avclub,4
520,a separation,the stacker,9
710,a separation,rotten tomatoes,-1
1109,a separation,spin,-1
1195,a separation,reddit users,51
1355,a separation,the playlist,2
141,a star is born,insider,50
729,a star is born,rotten tomatoes,-1
848,a touch of sin,vanity fair - austin collin,24
10,actress,vulture,11
903,ad astra,entertainment.ie,7
563,all is lost,rotten tomatoes,-1
507,amazing grace,the stacker,22
564,amazing grace,rotten tomatoes,-1
247,american honey,gamesradar,44
323,american honey,avclub,69
915,american honey,independent,6
1324,american honey,the playlist,33
457,american hustle,the stacker,72
565,american hustle,rotten tomatoes,-1
121,amour,insider,70
257,amour,gamesradar,34
341,amour,avclub,51
511,amour,the stacker,18
879,amour,indiewire,25
1315,amour,the playlist,42
566,amy,rotten tomatoes,-1
405,an elephant sitting still,new yorker,24
413,an oversimplification of her beauty,new yorker,16
974,annihilation,cnet,25
1132,annihilation,spin,-1
1316,annihilation,the playlist,41
567,anomalisa,rotten tomatoes,-1
931,anomalisa,independent,22
568,ant-man and the wasp,rotten tomatoes,-1
1087,anthropocene: the human epoch,national post,-1
569,apollo 11,rotten tomatoes,-1
570,argo,rotten tomatoes,-1
161,arrival,insider,30
282,arrival,gamesradar,9
345,arrival,avclub,47
571,arrival,rotten tomatoes,-1
763,arrival,slashfilm,7
774,arrival,gq,-1
1092,arrival,national post,-1
1150,arrival,reddit users,6
1232,arrival,irish times,25
1336,arrival,the playlist,21
572,ash is purest white,rotten tomatoes,-1
196,attack the block,gamesradar,95
118,avengers: endgame,insider,73
574,avengers: endgame,rotten tomatoes,-1
895,avengers: endgame,entertainment.ie,15
1002,avengers: endgame,looper,-1
1055,avengers: endgame,nme,4
1176,avengers: endgame,reddit users,32
258,avengers: infinity war,gamesradar,33
575,avengers: infinity war,rotten tomatoes,-1
965,avengers: infinity war,cnet,16
577,baby driver,rotten tomatoes,-1
1046,baby driver,nme,13
1196,baby driver,reddit users,52
1250,beanpole,irish times,7
219,beasts of the southern wild,gamesradar,72
149,before midnight,insider,42
214,before midnight,gamesradar,77
361,before midnight,avclub,31
400,before midnight,esquire,2
512,before midnight,the stacker,17
579,before midnight,rotten tomatoes,-1
883,before midnight,time,-1
1313,before midnight,the playlist,44
40,beginners,vulture,41
454,big men,the stacker,75
152,birdman,insider,39
228,birdman,gamesradar,63
581,birdman,rotten tomatoes,-1
967,birdman,cnet,18
1152,birdman,reddit users,8
582,birds of passage,rotten tomatoes,-1
1246,birds of passage,irish times,11
1337,birds of passage,the playlist,20
61,black panther,no film school,-1
157,black panther,insider,34
554,black panther,uproxx,-1
583,black panther,rotten tomatoes,-1
788,black panther,gq,-1
821,black panther,redbook,-1
957,black panther,cnet,8
997,black panther,looper,-1
1036,black panther,columbus underground,23
175,black swan,insider,16
279,black swan,gamesradar,12
929,black swan,independent,20
1167,black swan,reddit users,23
584,blackfish,rotten tomatoes,-1
585,blackkklansman,rotten tomatoes,-1
1000,blackkklansman,looper,-1
154,blade runner 2049,insider,37
267,blade runner 2049,gamesradar,24
586,blade runner 2049,rotten tomatoes,-1
1147,blade runner 2049,reddit users,3
260,blue is the warmest colour,gamesradar,31
433,blue is the warmest colour,the stacker,96
1235,blue is the warmest colour,irish times,22
259,blue valentine,gamesradar,32
1292,blue valentine,the playlist,65
101,booksmart,insider,90
194,booksmart,gamesradar,97
587,booksmart,rotten tomatoes,-1
935,boy,independent,26
64,boyhood,no film school,-1
188,boyhood,insider,3
287,boyhood,gamesradar,4
379,boyhood,avclub,13
528,boyhood,the stacker,1
588,boyhood,rotten tomatoes,-1
824,boyhood,redbook,-1
878,boyhood,indiewire,24
909,boyhood,entertainment.ie,1
939,boyhood,independent,30
952,boyhood,cnet,3
989,boyhood,looper,-1
1026,boyhood,columbus underground,13
1076,boyhood,town and country mag,-1
1089,boyhood,national post,-1
1116,boyhood,spin,-1
1197,boyhood,reddit users,53
1276,boyhood,the playlist,81
197,bpm,gamesradar,94
589,bpm,rotten tomatoes,-1
128,bridesmaids,insider,63
270,bridesmaids,gamesradar,21
295,bridesmaids,avclub,97
773,bridesmaids,gq,-1
810,bridesmaids,redbook,-1
1071,bridesmaids,town and country mag,-1
1108,bridesmaids,spin,-1
590,bridge of spies,rotten tomatoes,-1
144,brooklyn,insider,47
204,brooklyn,gamesradar,87
591,brooklyn,rotten tomatoes,-1
802,brooklyn,hollywood reporter,8
592,bumblebee,rotten tomatoes,-1
143,burning,insider,48
209,burning,gamesradar,82
359,burning,avclub,33
464,burning,the stacker,65
593,burning,rotten tomatoes,-1
876,burning,indiewire,22
1133,burning,spin,-1
1177,burning,reddit users,33
1356,burning,the playlist,1
181,call me by your name,insider,10
272,call me by your name,gamesradar,19
342,call me by your name,avclub,50
398,call me by your name,esquire,4
499,call me by your name,the stacker,30
594,call me by your name,rotten tomatoes,-1
778,call me by your name,gq,-1
809,call me by your name,redbook,-1
872,call me by your name,indiewire,18
932,call me by your name,independent,23
975,call me by your name,cnet,26
1057,call me by your name,nme,2
1128,call me by your name,spin,-1
1168,call me by your name,reddit users,24
1297,call me by your name,the playlist,60
16,cameraperson,vulture,17
79,cameraperson,no film school,-1
296,cameraperson,avclub,96
595,cameraperson,rotten tomatoes,-1
1214,cameraperson,hyperallergic,8
596,can you ever forgive me,rotten tomatoes,-1
597,captain america: civil war,rotten tomatoes,-1
233,captain america: the winter soldier,gamesradar,58
598,captain phillips,rotten tomatoes,-1
248,carlos,gamesradar,43
508,carlos,the stacker,21
795,carlos,hollywood reporter,1
140,carol,insider,51
253,carol,gamesradar,38
302,carol,avclub,90
516,carol,the stacker,13
599,carol,rotten tomatoes,-1
826,carol,vanity fair - austin collin,2
861,carol,indiewire,7
911,carol,independent,2
1077,carol,town and country mag,-1
1344,carol,the playlist,13
881,cave of forgotten dreams,time,-1
1023,cave of forgotten dreams,columbus underground,10
1228,certain women,hyperallergic,22
373,certified copy,avclub,19
857,certified copy,indiewire,3
1066,certified copy,ap,8
1220,certified copy,hyperallergic,14
1320,certified copy,the playlist,37
63,citizen four,no film school,-1
1227,citizen four,hyperallergic,21
1242,climax,irish times,15
18,clouds of sils maria,vulture,19
116,coco,insider,75
223,coco,gamesradar,68
600,coco,rotten tomatoes,-1
793,coco,gq,-1
1198,coco,reddit users,54
220,cold war,gamesradar,71
465,cold war,the stacker,64
1065,cold war,ap,7
246,columbus,gamesradar,45
440,columbus,the stacker,89
1305,columbus,the playlist,52
415,coma,new yorker,14
319,computer chess,avclub,73
601,crazy rich asians,rotten tomatoes,-1
43,creed,vulture,44
93,creed,insider,98
298,creed,avclub,94
602,creed,rotten tomatoes,-1
603,dallas buyers club,rotten tomatoes,-1
604,dawn of the planet of the apes,rotten tomatoes,-1
1199,dawn of the planet of the apes,reddit users,55
536,dawson city: frozen time,vanity fair - richard lawson,3
451,dead souls,the stacker,78
94,deadpool,insider,97
1050,deadpool,nme,9
406,did you wonder who fired the gun,new yorker,23
828,did you wonder who fired the gun,vanity fair - austin collin,4
84,django unchained,no film school,-1
98,django unchained,insider,93
1034,django unchained,columbus underground,21
1053,django unchained,nme,6
1178,django unchained,reddit users,34
607,doctor strange,rotten tomatoes,-1
362,dogtooth,avclub,30
869,dogtooth,indiewire,15
944,dogtooth,independent,35
1349,dogtooth,the playlist,8
608,dolemite is my name,rotten tomatoes,-1
609,don t think twice,rotten tomatoes,-1
199,dredd,gamesradar,92
86,drive,no film school,-1
168,drive,insider,23
271,drive,gamesradar,20
334,drive,avclub,58
559,drive,uproxx,-1
963,drive,cnet,14
1024,drive,columbus underground,11
1158,drive,reddit users,14
303,drug war,avclub,89
829,drug war,vanity fair - austin collin,5
21,dunkirk,vulture,22
174,dunkirk,insider,17
281,dunkirk,gamesradar,10
513,dunkirk,the stacker,16
610,dunkirk,rotten tomatoes,-1
934,dunkirk,independent,25
1035,dunkirk,columbus underground,22
1173,dunkirk,reddit users,29
46,eden,vulture,47
532,eden,vanity fair - richard lawson,7
1277,eden,the playlist,80
182,eighth grade,insider,9
250,eighth grade,gamesradar,41
328,eighth grade,avclub,64
446,eighth grade,the stacker,83
611,eighth grade,rotten tomatoes,-1
351,elle,avclub,41
438,elle,the stacker,91
1306,elle,the playlist,51
1309,enemy,the playlist,48
353,everyone else,avclub,39
479,ex libris: the new york public library,the stacker,50
68,ex machina,no film school,-1
166,ex machina,insider,25
266,ex machina,gamesradar,25
553,ex machina,uproxx,-1
612,ex machina,rotten tomatoes,-1
958,ex machina,cnet,9
1169,ex machina,reddit users,25
613,eye in the sky,rotten tomatoes,-1
510,faces places,the stacker,19
614,faces places,rotten tomatoes,-1
830,field niggas,vanity fair - austin collin,6
618,fighting with my family,rotten tomatoes,-1
412,film socialisme,new yorker,17
619,finding dory,rotten tomatoes,-1
133,first man,insider,58
620,first man,rotten tomatoes,-1
1325,first man,the playlist,32
19,first reformed,vulture,20
172,first reformed,insider,19
369,first reformed,avclub,23
621,first reformed,rotten tomatoes,-1
781,first reformed,gq,-1
1130,first reformed,spin,-1
1340,first reformed,the playlist,17
474,for sama,the stacker,55
325,force majeure,avclub,67
531,force majeure,vanity fair - richard lawson,8
1278,force majeure,the playlist,79
623,ford v ferrari,rotten tomatoes,-1
239,four lions,gamesradar,52
1307,foxcatcher,the playlist,50
83,foxtrot,no film school,-1
67,frances ha,no film school,-1
180,frances ha,insider,11
274,frances ha,gamesradar,17
384,frances ha,avclub,8
831,frances ha,vanity fair - austin collin,7
941,frances ha,independent,32
1007,frances ha,the ringer,7
1114,frances ha,spin,-1
1329,frances ha,the playlist,28
92,free solo,insider,99
624,free solo,rotten tomatoes,-1
806,frozen,redbook,-1
450,gangs of wasseypur,the stacker,79
475,gavagai,the stacker,54
53,get out,no film school,-1
190,get out,insider,1
255,get out,gamesradar,36
356,get out,avclub,36
404,get out,new yorker,25
533,get out,vanity fair - richard lawson,6
540,get out,uproxx,-1
625,get out,rotten tomatoes,-1
767,get out,slashfilm,3
794,get out,gq,-1
805,get out,redbook,-1
875,get out,indiewire,21
908,get out,entertainment.ie,2
912,get out,independent,3
953,get out,cnet,4
995,get out,looper,-1
1008,get out,the ringer,6
1031,get out,columbus underground,18
1058,get out,nme,1
1080,get out,town and country mag,-1
1104,get out,now toronto,10
1129,get out,spin,-1
1162,get out,reddit users,18
1212,get out,hyperallergic,6
1241,get out,irish times,16
1346,get out,the playlist,11
467,gett: the trial of viviane amsalem,the stacker,62
1274,girlhood,the playlist,83
627,gloria,rotten tomatoes,-1
145,gone girl,insider,46
308,gone girl,avclub,84
833,gone girl,vanity fair - austin collin,9
1170,gone girl,reddit users,26
151,good time,insider,40
1311,good time,the playlist,46
104,gravity,insider,87
275,gravity,gamesradar,16
523,gravity,the stacker,6
629,gravity,rotten tomatoes,-1
984,gravity,looper,-1
1200,gravity,reddit users,56
347,green room,avclub,45
762,green room,slashfilm,8
97,guardians of the galaxy,insider,94
226,guardians of the galaxy,gamesradar,65
630,guardians of the galaxy,rotten tomatoes,-1
814,guardians of the galaxy,redbook,-1
1043,guardians of the galaxy,nme,16
306,happy hour,avclub,86
834,happy hour,vanity fair - austin collin,10
453,hard to be a god,the stacker,76
633,harry potter and the deathly hallows - part 2,rotten tomatoes,-1
835,heaven knows what,vanity fair - austin collin,11
12,hell or high water,vulture,13
312,hell or high water,avclub,80
635,hell or high water,rotten tomatoes,-1
890,hell or high water,entertainment.ie,20
1179,hell or high water,reddit users,35
70,her,no film school,-1
177,her,insider,14
340,her,avclub,52
469,her,the stacker,60
636,her,rotten tomatoes,-1
933,her,independent,24
960,her,cnet,11
985,her,looper,-1
1093,her,national post,-1
1115,her,spin,-1
1163,her,reddit users,19
1300,her,the playlist,57
336,her smell,avclub,56
58,hereditary,no film school,-1
162,hereditary,insider,29
264,hereditary,gamesradar,27
311,hereditary,avclub,81
637,hereditary,rotten tomatoes,-1
792,hereditary,gq,-1
938,hereditary,independent,29
970,hereditary,cnet,21
1044,hereditary,nme,15
1155,hereditary,reddit users,11
638,hidden figures,rotten tomatoes,-1
301,high life,avclub,91
1134,high life,spin,-1
1225,high life,hyperallergic,19
1326,high life,the playlist,31
24,holy motors,vulture,25
378,holy motors,avclub,14
414,holy motors,new yorker,15
860,holy motors,indiewire,6
1111,holy motors,spin,-1
1219,holy motors,hyperallergic,13
1234,holy motors,irish times,23
1321,holy motors,the playlist,36
639,honeyland,rotten tomatoes,-1
1215,horse money,hyperallergic,9
640,how to train your dragon,rotten tomatoes,-1
641,hunt for the wilderpeople,rotten tomatoes,-1
977,hunt for the wilderpeople,cnet,28
1122,hunt for the wilderpeople,spin,-1
642,hustlers,rotten tomatoes,-1
1223,hypernormalisation,hyperallergic,17
519,i am not your negro,the stacker,10
643,i am not your negro,rotten tomatoes,-1
458,i called him morgan,the stacker,71
644,i tonya,rotten tomatoes,-1
50,ida,vulture,51
217,ida,gamesradar,74
478,ida,the stacker,51
1243,ida,irish times,14
1269,ida,the playlist,88
134,if beale street could talk,insider,57
645,if beale street could talk,rotten tomatoes,-1
1322,if beale street could talk,the playlist,35
422,in jackson heights,new yorker,7
836,in jackson heights,vanity fair - austin collin,12
81,inception,no film school,-1
167,inception,insider,24
290,inception,gamesradar,1
335,inception,avclub,57
791,inception,gq,-1
819,inception,redbook,-1
901,inception,entertainment.ie,9
966,inception,cnet,17
980,inception,looper,-1
1052,inception,nme,7
1106,inception,spin,-1
1142,inception,imdb user,8
1146,inception,reddit users,2
1265,inception,the playlist,92
646,incredibles 2,rotten tomatoes,-1
428,infinite football,new yorker,1
210,inherent vice,gamesradar,81
1187,inherent vice,reddit users,43
1216,inherent vice,hyperallergic,10
435,inside job,the stacker,94
42,inside llewyn davis,vulture,43
85,inside llewyn davis,no film school,-1
178,inside llewyn davis,insider,13
230,inside llewyn davis,gamesradar,61
375,inside llewyn davis,avclub,17
496,inside llewyn davis,the stacker,33
539,inside llewyn davis,uproxx,-1
647,inside llewyn davis,rotten tomatoes,-1
769,inside llewyn davis,slashfilm,1
782,inside llewyn davis,gq,-1
797,inside llewyn davis,hollywood reporter,3
837,inside llewyn davis,vanity fair - austin collin,13
859,inside llewyn davis,indiewire,5
914,inside llewyn davis,independent,5
986,inside llewyn davis,looper,-1
1011,inside llewyn davis,the ringer,3
1067,inside llewyn davis,ap,9
1159,inside llewyn davis,reddit users,15
1350,inside llewyn davis,the playlist,7
74,inside out,no film school,-1
148,inside out,insider,43
283,inside out,gamesradar,8
330,inside out,avclub,62
515,inside out,the stacker,14
648,inside out,rotten tomatoes,-1
946,inside out,independent,37
990,inside out,looper,-1
1188,inside out,reddit users,44
1041,insidious,nme,18
95,interstellar,insider,96
265,interstellar,gamesradar,26
1137,interstellar,imdb user,3
1153,interstellar,reddit users,9
650,isle of dogs,rotten tomatoes,-1
420,it felt like love,new yorker,9
838,it felt like love,vanity fair - austin collin,14
269,it follows,gamesradar,22
344,it follows,avclub,48
651,it follows,rotten tomatoes,-1
1118,it follows,spin,-1
1201,it follows,reddit users,57
11,its such a beautiful day,vulture,12
473,its such a beautiful day,the stacker,56
1328,jackie,the playlist,29
41,john wick,vulture,42
103,john wick,insider,88
546,john wick,uproxx,-1
885,john wick,time,-1
897,john wick,entertainment.ie,13
1117,john wick,spin,-1
1189,john wick,reddit users,45
652,john wick: chapter 3 - parabellum,rotten tomatoes,-1
256,joker,gamesradar,35
1045,joker,nme,14
654,kedi,rotten tomatoes,-1
1039,kick ass,nme,20
252,kill list,gamesradar,39
1308,killing them softly,the playlist,49
656,knives out,rotten tomatoes,-1
657,kubo and the two strings,rotten tomatoes,-1
52,la la land,vulture,53
159,la la land,insider,32
289,la la land,gamesradar,2
337,la la land,avclub,55
501,la la land,the stacker,28
555,la la land,uproxx,-1
658,la la land,rotten tomatoes,-1
816,la la land,redbook,-1
1079,la la land,town and country mag,-1
1156,la la land,reddit users,12
186,lady bird,insider,5
254,lady bird,gamesradar,37
382,lady bird,avclub,10
506,lady bird,the stacker,23
556,lady bird,uproxx,-1
659,lady bird,rotten tomatoes,-1
775,lady bird,gq,-1
812,lady bird,redbook,-1
864,lady bird,indiewire,10
902,lady bird,entertainment.ie,8
923,lady bird,independent,14
954,lady bird,cnet,5
994,lady bird,looper,-1
1049,lady bird,nme,10
1062,lady bird,ap,4
1081,lady bird,town and country mag,-1
1084,lady bird,national post,-1
1240,lady bird,irish times,17
208,leave no trace,gamesradar,83
660,leave no trace,rotten tomatoes,-1
1217,lemonade,hyperallergic,11
427,let the sunshine in,new yorker,2
349,leviathan,avclub,43
489,leviathan,the stacker,40
662,leviathan,rotten tomatoes,-1
800,leviathan,hollywood reporter,6
839,leviathan,vanity fair - austin collin,15
868,leviathan,indiewire,14
1275,leviathan,the playlist,82
663,life itself,rotten tomatoes,-1
840,like someone in love,vanity fair - austin collin,16
411,lil quinquin,new yorker,18
1332,lil quinquin,the playlist,25
29,lincoln,vulture,30
665,live die repeat: edge of tomorrow,rotten tomatoes,-1
124,logan,insider,67
666,logan,rotten tomatoes,-1
1160,logan,reddit users,16
667,logan lucky,rotten tomatoes,-1
439,long day s journey into night,the stacker,90
244,looper,gamesradar,47
668,looper,rotten tomatoes,-1
669,love & friendship,rotten tomatoes,-1
1256,loveless,irish times,1
1226,loves is the message the message is death,hyperallergic,20
670,lucky,rotten tomatoes,-1
1,mad max: fury road,vulture,2
57,mad max: fury road,no film school,-1
187,mad max: fury road,insider,4
285,mad max: fury road,gamesradar,6
391,mad max: fury road,avclub,1
399,mad max: fury road,esquire,3
471,mad max: fury road,the stacker,58
538,mad max: fury road,vanity fair - richard lawson,1
543,mad max: fury road,uproxx,-1
671,mad max: fury road,rotten tomatoes,-1
768,mad max: fury road,slashfilm,2
786,mad max: fury road,gq,-1
803,mad max: fury road,hollywood reporter,9
808,mad max: fury road,redbook,-1
841,mad max: fury road,vanity fair - austin collin,17
863,mad max: fury road,indiewire,9
907,mad max: fury road,entertainment.ie,3
917,mad max: fury road,independent,8
950,mad max: fury road,cnet,1
991,mad max: fury road,looper,-1
1006,mad max: fury road,the ringer,8
1014,mad max: fury road,columbus underground,1
1056,mad max: fury road,nme,3
1099,mad max: fury road,now toronto,6
1119,mad max: fury road,spin,-1
1139,mad max: fury road,imdb user,5
1149,mad max: fury road,reddit users,5
1222,mad max: fury road,hyperallergic,16
1342,mad max: fury road,the playlist,15
38,madeline's madeline,vulture,39
62,madeline's madeline,no film school,-1
403,madeline's madeline,new yorker,26
1245,madeline's madeline,irish times,12
1257,madeline's madeline,the playlist,100
350,magic mike xxl,avclub,42
1120,magic mike xxl,spin,-1
672,maiden,rotten tomatoes,-1
380,manchester by the sea,avclub,12
525,manchester by the sea,the stacker,4
673,manchester by the sea,rotten tomatoes,-1
1141,manchester by the sea,imdb user,7
1180,manchester by the sea,reddit users,36
1331,manchester by the sea,the playlist,26
429,manuscripts don t burn,the stacker,100
7,margaret,vulture,8
372,margaret,avclub,20
408,margaret,new yorker,21
842,margaret,vanity fair - austin collin,18
1061,margaret,ap,3
1070,margaret,town and country mag,-1
1218,margaret,hyperallergic,12
1264,margaret,the playlist,93
348,marriage story,avclub,44
514,marriage story,the stacker,15
674,marriage story,rotten tomatoes,-1
1259,martha marcy may marlene,the playlist,98
677,mcqueen,rotten tomatoes,-1
1190,me and earl and the dying girl,reddit users,46
371,meeks cutoff,avclub,21
1260,meeks cutoff,the playlist,97
0,melancholia,vulture,1
73,melancholia,no film school,-1
363,melancholia,avclub,29
535,melancholia,vanity fair - richard lawson,4
882,melancholia,time,-1
937,melancholia,independent,28
1237,melancholia,irish times,20
992,midnight special,looper,-1
137,minding the gap,insider,54
317,minding the gap,avclub,75
470,minding the gap,the stacker,59
678,minding the gap,rotten tomatoes,-1
787,minding the gap,gq,-1
1131,minding the gap,spin,-1
291,miss bala,avclub,101
205,mission: impossible - fallout,gamesradar,86
549,mission: impossible - fallout,uproxx,-1
679,mission: impossible - fallout,rotten tomatoes,-1
893,mission: impossible - fallout,entertainment.ie,17
680,mission: impossible - rogue nation,rotten tomatoes,-1
89,moana,no film school,-1
681,moana,rotten tomatoes,-1
60,moneyball,no film school,-1
1202,moneyball,reddit users,58
1238,monos,irish times,19
216,monsters,gamesradar,75
5,moonlight,vulture,6
71,moonlight,no film school,-1
189,moonlight,insider,2
240,moonlight,gamesradar,51
386,moonlight,avclub,6
393,moonlight,esquire,9
418,moonlight,new yorker,11
527,moonlight,the stacker,2
548,moonlight,uproxx,-1
682,moonlight,rotten tomatoes,-1
777,moonlight,gq,-1
813,moonlight,redbook,-1
845,moonlight,vanity fair - austin collin,21
855,moonlight,indiewire,1
887,moonlight,time,-1
904,moonlight,entertainment.ie,6
910,moonlight,independent,1
961,moonlight,cnet,12
993,moonlight,looper,-1
1021,moonlight,columbus underground,8
1054,moonlight,nme,5
1063,moonlight,ap,5
1078,moonlight,town and country mag,-1
1094,moonlight,now toronto,1
1123,moonlight,spin,-1
1154,moonlight,reddit users,10
1208,moonlight,hyperallergic,2
1351,moonlight,the playlist,6
155,moonrise kingdom,insider,36
346,moonrise kingdom,avclub,46
39,mother,vulture,40
170,mother,insider,21
200,mother,gamesradar,91
1203,mother,reddit users,59
1262,mother,the playlist,95
504,mr. turner,the stacker,25
683,mr. turner,rotten tomatoes,-1
684,mud,rotten tomatoes,-1
316,mudbound,avclub,76
685,mudbound,rotten tomatoes,-1
320,mustang,avclub,72
686,mustang,rotten tomatoes,-1
47,my happy family,vulture,48
687,my life as a zucchini,rotten tomatoes,-1
455,my perestroika,the stacker,74
442,national gallery,the stacker,87
173,nightcrawler,insider,18
268,nightcrawler,gamesradar,23
689,nightcrawler,rotten tomatoes,-1
1164,nightcrawler,reddit users,20
1272,no,the playlist,85
1207,no home movie,hyperallergic,1
245,nocturama,gamesradar,46
370,nocturama,avclub,22
91,nocturnal animals,insider,100
482,nostalgia for the light,the stacker,47
36,o.j.: made in america,vulture,37
153,o.j.: made in america,insider,38
544,o.j.: made in america,uproxx,-1
877,o.j.: made in america,indiewire,23
1005,o.j.: made in america,the ringer,9
1125,o.j.: made in america,spin,-1
1291,o.j.: made in america,the playlist,66
1085,of gods and men,national post,-1
1230,on the beach at night alone,hyperallergic,24
31,once upon a time in anatolia,vulture,32
211,once upon a time in anatolia,gamesradar,80
1298,once upon a time in anatolia,the playlist,59
17,once upon a time in hollywood,vulture,18
147,once upon a time in hollywood,insider,44
191,once upon a time in hollywood,gamesradar,100
352,once upon a time in hollywood,avclub,40
396,once upon a time in hollywood,esquire,6
547,once upon a time in hollywood,uproxx,-1
691,once upon a time in hollywood,rotten tomatoes,-1
801,once upon a time in hollywood,hollywood reporter,7
949,once upon a time in hollywood,independent,40
1009,once upon a time in hollywood,the ringer,5
492,one more time with feeling,the stacker,37
798,only lovers left alive,hollywood reporter,4
1327,only lovers left alive,the playlist,30
692,paddington,rotten tomatoes,-1
59,paddington 2,no film school,-1
165,paddington 2,insider,26
207,paddington 2,gamesradar,84
314,paddington 2,avclub,78
392,paddington 2,esquire,10
693,paddington 2,rotten tomatoes,-1
916,paddington 2,independent,7
694,pain and glory,rotten tomatoes,-1
1333,pain and glory,the playlist,24
13,parasite,vulture,14
72,parasite,no film school,-1
163,parasite,insider,28
339,parasite,avclub,53
521,parasite,the stacker,8
534,parasite,vanity fair - richard lawson,5
695,parasite,rotten tomatoes,-1
766,parasite,slashfilm,4
779,parasite,gq,-1
1003,parasite,looper,-1
1032,parasite,columbus underground,19
1097,parasite,now toronto,4
1224,parasite,hyperallergic,18
1244,parasite,irish times,13
1323,parasite,the playlist,34
343,paterson,avclub,49
460,paterson,the stacker,69
696,paterson,rotten tomatoes,-1
1091,paterson,national post,-1
1144,paterson,imdb user,10
461,paths of the soul,the stacker,68
1127,personal shopper,spin,-1
160,phantom thread,insider,31
278,phantom thread,gamesradar,13
383,phantom thread,avclub,9
463,phantom thread,the stacker,66
537,phantom thread,vanity fair - richard lawson,2
698,phantom thread,rotten tomatoes,-1
772,phantom thread,gq,-1
874,phantom thread,indiewire,20
913,phantom thread,independent,4
1060,phantom thread,ap,2
1181,phantom thread,reddit users,37
1341,phantom thread,the playlist,16
32,phoenix,vulture,33
99,phoenix,insider,92
365,phoenix,avclub,27
443,phoenix,the stacker,86
699,phoenix,rotten tomatoes,-1
884,phoenix,time,-1
1299,phoenix,the playlist,58
51,popstar: never stop never stopping,vulture,52
1124,popstar: never stop never stopping,spin,-1
503,portrait of a lady on fire,the stacker,26
700,portrait of a lady on fire,rotten tomatoes,-1
1293,portrait of a lady on fire,the playlist,64
529,princess cyd,vanity fair - richard lawson,10
129,prisoners,insider,62
1135,prisoners,imdb user,1
1165,prisoners,reddit users,21
1258,private life,the playlist,99
416,red hook summer,new yorker,13
326,right now wrong then,avclub,66
703,rocketman,rotten tomatoes,-1
1040,rogue one: a star wars story,nme,19
82,roma,no film school,-1
169,roma,insider,22
222,roma,gamesradar,69
358,roma,avclub,34
524,roma,the stacker,5
545,roma,uproxx,-1
704,roma,rotten tomatoes,-1
817,roma,redbook,-1
889,roma,time,-1
928,roma,independent,19
956,roma,cnet,7
1027,roma,columbus underground,14
1082,roma,town and country mag,-1
1088,roma,national post,-1
1098,roma,now toronto,5
1304,roma,the playlist,53
111,room,insider,80
241,room,gamesradar,50
705,room,rotten tomatoes,-1
102,scott pilgrim vs the world,insider,89
198,scott pilgrim vs the world,gamesradar,93
708,searching,rotten tomatoes,-1
120,selma,insider,71
432,selma,the stacker,97
550,selma,uproxx,-1
709,selma,rotten tomatoes,-1
886,selma,time,-1
936,selma,independent,27
987,selma,looper,-1
1020,selma,columbus underground,7
1303,selma,the playlist,54
195,senna,gamesradar,96
237,shame,gamesradar,54
898,shame,entertainment.ie,12
1267,shame,the playlist,90
712,shaun the sheep movie,rotten tomatoes,-1
713,shazam,rotten tomatoes,-1
497,sherpa,the stacker,32
789,shirkers,gq,-1
1231,shirkers,hyperallergic,25
498,shoah: four sisters,the stacker,31
122,shoplifters,insider,69
313,shoplifters,avclub,79
500,shoplifters,the stacker,29
714,shoplifters,rotten tomatoes,-1
945,shoplifters,independent,36
1286,shoplifters,the playlist,71
33,short term 12,vulture,34
139,short term 12,insider,52
715,short term 12,rotten tomatoes,-1
203,sicario,gamesradar,88
716,sicario,rotten tomatoes,-1
1182,sicario,reddit users,38
1100,silence,now toronto,7
117,sing street,insider,74
717,sing street,rotten tomatoes,-1
87,skyfall,no film school,-1
112,skyfall,insider,79
242,skyfall,gamesradar,49
718,skyfall,rotten tomatoes,-1
983,skyfall,looper,-1
109,snowpiercer,insider,82
558,snowpiercer,uproxx,-1
719,snowpiercer,rotten tomatoes,-1
410,somewhere,new yorker,19
880,somewhere,time,-1
1064,somewhere,ap,6
280,son of saul,gamesradar,11
481,son of saul,the stacker,48
721,son of saul,rotten tomatoes,-1
924,son of saul,independent,15
1254,son of saul,irish times,3
123,sorry to bother you,insider,68
557,sorry to bother you,uproxx,-1
722,sorry to bother you,rotten tomatoes,-1
723,spider-man: far from home,rotten tomatoes,-1
724,spider-man: homecoming,rotten tomatoes,-1
8,spider-man: into the spider-verse,vulture,9
183,spider-man: into the spider-verse,insider,8
236,spider-man: into the spider-verse,gamesradar,55
327,spider-man: into the spider-verse,avclub,65
725,spider-man: into the spider-verse,rotten tomatoes,-1
765,spider-man: into the spider-verse,slashfilm,5
776,spider-man: into the spider-verse,gq,-1
900,spider-man: into the spider-verse,entertainment.ie,10
951,spider-man: into the spider-verse,cnet,2
999,spider-man: into the spider-verse,looper,-1
1004,spider-man: into the spider-verse,the ringer,10
1183,spider-man: into the spider-verse,reddit users,39
55,spotlight,no film school,-1
125,spotlight,insider,66
502,spotlight,the stacker,27
726,spotlight,rotten tomatoes,-1
811,spotlight,redbook,-1
899,spotlight,entertainment.ie,11
968,spotlight,cnet,19
1174,spotlight,reddit users,30
1271,spotlight,the playlist,86
69,spring breakers,no film school,-1
110,spring breakers,insider,81
310,spring breakers,avclub,82
1113,spring breakers,spin,-1
727,spy,rotten tomatoes,-1
728,stan & ollie,rotten tomatoes,-1
276,star wars: the force awakens,gamesradar,15
730,star wars: the force awakens,rotten tomatoes,-1
823,star wars: the force awakens,redbook,-1
978,star wars: the force awakens,cnet,29
132,star wars: the last jedi,insider,59
206,star wars: the last jedi,gamesradar,85
552,star wars: the last jedi,uproxx,-1
731,star wars: the last jedi,rotten tomatoes,-1
764,star wars: the last jedi,slashfilm,6
732,starred up,rotten tomatoes,-1
926,stoker,independent,17
56,stories we tell,no film school,-1
480,stories we tell,the stacker,49
1090,stories we tell,national post,-1
1096,stories we tell,now toronto,3
1335,stories we tell,the playlist,22
318,stranger by the lake,avclub,74
1273,stranger by the lake,the playlist,84
733,summer 1993,rotten tomatoes,-1
846,sunset song,vanity fair - austin collin,22
332,support the girls,avclub,60
1288,suspiria,the playlist,69
76,swiss army man,no film school,-1
321,tabu,avclub,71
1294,tabu,the playlist,63
96,take shelter,insider,95
1017,take shelter,columbus underground,4
66,tangerine,no film school,-1
136,tangerine,insider,55
307,tangerine,avclub,85
1248,tangerine,irish times,9
1289,tangerine,the playlist,68
426,taxi,new yorker,3
477,taxi,the stacker,52
37,the act of killing,vulture,38
78,the act of killing,no film school,-1
158,the act of killing,insider,33
376,the act of killing,avclub,15
472,the act of killing,the stacker,57
825,the act of killing,vanity fair - austin collin,1
858,the act of killing,indiewire,4
927,the act of killing,independent,18
1022,the act of killing,columbus underground,9
1101,the act of killing,now toronto,8
1210,the act of killing,hyperallergic,4
1249,the act of killing,irish times,8
1354,the act of killing,the playlist,3
300,the arbor,avclub,92
430,the arbor,the stacker,99
229,the artist,gamesradar,62
447,the artist,the stacker,82
573,the artist,rotten tomatoes,-1
1317,the assassin,the playlist,40
676,the avengers,rotten tomatoes,-1
807,the avengers,redbook,-1
30,the babadook,vulture,31
119,the babadook,insider,72
263,the babadook,gamesradar,28
576,the babadook,rotten tomatoes,-1
1037,the babadook,columbus underground,24
1042,the babadook,nme,17
135,the big short,insider,56
1171,the big short,reddit users,27
580,the big sick,rotten tomatoes,-1
760,the cabin in the woods,slashfilm,10
892,the cabin in the woods,entertainment.ie,18
1175,the cabin in the woods,reddit users,31
293,the comedy,avclub,99
1334,the comedy,the playlist,23
106,the conjuring,insider,85
243,the dark knight rises,gamesradar,48
827,the day he arrives,vanity fair - austin collin,3
605,the death of stalin,rotten tomatoes,-1
905,the death of stalin,entertainment.ie,5
1095,the disappearance of eleanor rigby,now toronto,2
606,the disaster artist,rotten tomatoes,-1
357,the duke of burgundy,avclub,35
1253,the duke of burgundy,irish times,4
1279,the duke of burgundy,the playlist,78
943,the edge of seventeen,independent,34
114,the farewell,insider,77
448,the farewell,the stacker,81
616,the farewell,rotten tomatoes,-1
35,the favourite,vulture,36
126,the favourite,insider,65
227,the favourite,gamesradar,64
331,the favourite,avclub,61
466,the favourite,the stacker,63
617,the favourite,rotten tomatoes,-1
784,the favourite,gq,-1
822,the favourite,redbook,-1
955,the favourite,cnet,6
1083,the favourite,town and country mag,-1
1184,the favourite,reddit users,40
6,the fits,vulture,7
452,the fits,the stacker,77
9,the florida project,vulture,10
184,the florida project,insider,7
385,the florida project,avclub,7
490,the florida project,the stacker,39
622,the florida project,rotten tomatoes,-1
1310,the florida project,the playlist,47
407,the future,new yorker,22
832,the future,vanity fair - austin collin,8
483,the gatekeepers,the stacker,46
804,the gatekeepers,hollywood reporter,10
1229,the grand bizarre,hyperallergic,23
171,the grand budapest hotel,insider,20
261,the grand budapest hotel,gamesradar,30
374,the grand budapest hotel,avclub,18
409,the grand budapest hotel,new yorker,20
628,the grand budapest hotel,rotten tomatoes,-1
761,the grand budapest hotel,slashfilm,9
896,the grand budapest hotel,entertainment.ie,14
922,the grand budapest hotel,independent,13
988,the grand budapest hotel,looper,-1
1051,the grand budapest hotel,nme,8
1068,the grand budapest hotel,ap,10
1075,the grand budapest hotel,town and country mag,-1
1136,the grand budapest hotel,imdb user,2
1151,the grand budapest hotel,reddit users,7
1302,the grand budapest hotel,the playlist,55
130,the great beauty,insider,61
218,the great beauty,gamesradar,73
891,the guard,entertainment.ie,19
631,the guilty,rotten tomatoes,-1
15,the handmaiden,vulture,16
150,the handmaiden,insider,41
364,the handmaiden,avclub,28
394,the handmaiden,esquire,8
632,the handmaiden,rotten tomatoes,-1
771,the handmaiden,gq,-1
799,the handmaiden,hollywood reporter,5
1191,the handmaiden,reddit users,47
1318,the handmaiden,the playlist,39
634,the hate u give,rotten tomatoes,-1
1204,the hateful eight,reddit users,60
1268,the hunt,the playlist,89
292,the immigrant,avclub,100
1280,the immigrant,the playlist,77
48,the irishman,vulture,49
522,the irishman,the stacker,7
649,the irishman,rotten tomatoes,-1
947,the irishman,independent,38
1033,the irishman,columbus underground,20
653,the jungle book,rotten tomatoes,-1
434,the king's speech,the stacker,95
655,the king's speech,rotten tomatoes,-1
1073,the king's speech,town and country mag,-1
1205,the king's speech,reddit users,61
421,the last of the unjust,new yorker,8
661,the lego movie,rotten tomatoes,-1
664,the lighthouse,rotten tomatoes,-1
1270,the lighthouse,the playlist,87
231,the lobster,gamesradar,60
338,the lobster,avclub,54
395,the lobster,esquire,7
1330,the lobster,the playlist,27
329,the loneliest planet,avclub,63
377,the look of silence,avclub,15
493,the look of silence,the stacker,36
1102,the look of silence,now toronto,8
232,the lost city of z,gamesradar,59
305,the lost city of z,avclub,87
888,the lost city of z,time,-1
675,the martian,rotten tomatoes,-1
28,the master,vulture,29
179,the master,insider,12
235,the master,gamesradar,56
390,the master,avclub,2
843,the master,vanity fair - austin collin,19
862,the master,indiewire,8
948,the master,independent,39
959,the master,cnet,10
1012,the master,the ringer,2
1019,the master,columbus underground,6
1110,the master,spin,-1
1157,the master,reddit users,13
1251,the master,irish times,6
1353,the master,the playlist,4
844,the missing picture,vanity fair - austin collin,20
419,the mule,new yorker,10
688,the nice guys,rotten tomatoes,-1
690,the old man & the gun,rotten tomatoes,-1
445,the overnighters,the stacker,84
697,the peanut butter falcon,rotten tomatoes,-1
701,the post,rotten tomatoes,-1
1112,the queen of versailles,spin,-1
277,the raid,gamesradar,14
80,the revenant,no film school,-1
100,the revenant,insider,91
249,the revenant,gamesradar,42
940,the revenant,independent,31
1025,the revenant,columbus underground,12
1192,the revenant,reddit users,48
3,the rider,vulture,4
488,the rider,the stacker,41
706,the rider,rotten tomatoes,-1
1301,the rider,the playlist,56
707,the salesman,rotten tomatoes,-1
1086,the secret in their eyes,national post,-1
925,the selfish giant,independent,16
1103,the selfish giant,now toronto,9
142,the shape of water,insider,49
193,the shape of water,gamesradar,98
711,the shape of water,rotten tomatoes,-1
964,the shape of water,cnet,15
996,the shape of water,looper,-1
25,the social network,vulture,26
88,the social network,no film school,-1
185,the social network,insider,6
262,the social network,gamesradar,29
389,the social network,avclub,3
401,the social network,esquire,1
518,the social network,the stacker,11
541,the social network,uproxx,-1
720,the social network,rotten tomatoes,-1
770,the social network,gq,-1
796,the social network,hollywood reporter,2
815,the social network,redbook,-1
870,the social network,indiewire,16
906,the social network,entertainment.ie,4
930,the social network,independent,21
962,the social network,cnet,13
982,the social network,looper,-1
1013,the social network,the ringer,1
1069,the social network,town and country mag,-1
1107,the social network,spin,-1
1145,the social network,reddit users,1
1281,the social network,the playlist,76
486,the souvenir,the stacker,43
1287,the souvenir,the playlist,70
459,the tale,the stacker,70
449,the tale of the princess kaguya,the stacker,80
734,the tale of the princess kaguya,rotten tomatoes,-1
1221,the tale of the princess kaguya,hyperallergic,15
2,the tree of life,vulture,3
54,the tree of life,no film school,-1
176,the tree of life,insider,15
284,the tree of life,gamesradar,7
387,the tree of life,avclub,5
849,the tree of life,vanity fair - austin collin,25
867,the tree of life,indiewire,13
1018,the tree of life,columbus underground,5
1059,the tree of life,ap,1
1161,the tree of life,reddit users,17
1211,the tree of life,hyperallergic,5
1352,the tree of life,the playlist,5
1252,the tribe,irish times,5
212,the turin horse,gamesradar,79
297,the turin horse,avclub,95
1247,the turin horse,irish times,10
23,the villainess,vulture,24
202,the wailing,gamesradar,89
1185,the wailing,reddit users,41
1263,the wailing,the playlist,94
853,the wind rises,vanity fair - austin collin,29
90,the witch,no film school,-1
322,the witch,avclub,70
752,the witch,rotten tomatoes,-1
976,the witch,cnet,27
1029,the witch,columbus underground,16
1121,the witch,spin,-1
1186,the witch,reddit users,42
65,the wolf of wall street,no film school,-1
156,the wolf of wall street,insider,35
215,the wolf of wall street,gamesradar,76
367,the wolf of wall street,avclub,25
402,the wolf of wall street,new yorker,27
790,the wolf of wall street,gq,-1
820,the wolf of wall street,redbook,-1
854,the wolf of wall street,vanity fair - austin collin,30
865,the wolf of wall street,indiewire,11
1072,the wolf of wall street,town and country mag,-1
1138,the wolf of wall street,imdb user,4
1166,the wolf of wall street,reddit users,22
1282,the wolf of wall street,the playlist,75
485,they shall not grow old,the stacker,44
735,they shall not grow old,rotten tomatoes,-1
736,things to come,rotten tomatoes,-1
27,this is not a film,vulture,28
462,this is not a film,the stacker,67
221,thor: ragnarok,gamesradar,70
737,thor: ragnarok,rotten tomatoes,-1
738,three billboards outside ebbing missouri,rotten tomatoes,-1
739,three identical strangers,rotten tomatoes,-1
75,thunder road,no film school,-1
26,timbuktu,vulture,27
487,timbuktu,the stacker,42
847,timbuktu,vanity fair - austin collin,23
49,toni erdmann,vulture,50
251,toni erdmann,gamesradar,40
368,toni erdmann,avclub,24
495,toni erdmann,the stacker,34
785,toni erdmann,gq,-1
873,toni erdmann,indiewire,19
1126,toni erdmann,spin,-1
1347,toni erdmann,the playlist,10
491,tower,the stacker,38
740,tower,rotten tomatoes,-1
113,toy story 3,insider,78
238,toy story 3,gamesradar,53
494,toy story 3,the stacker,35
741,toy story 3,rotten tomatoes,-1
969,toy story 3,cnet,20
981,toy story 3,looper,-1
1015,toy story 3,columbus underground,2
1143,toy story 3,imdb user,9
742,toy story 4,rotten tomatoes,-1
1028,toy story 4,columbus underground,15
115,train to busan,insider,76
743,true grit,rotten tomatoes,-1
34,two days one night,vulture,35
366,two days one night,avclub,26
444,two days one night,the stacker,85
744,two days one night,rotten tomatoes,-1
1319,two days one night,the playlist,38
441,uncertain,the stacker,88
225,uncle boonmee who can recall his past lives,gamesradar,66
294,uncle boonmee who can recall his past lives,avclub,98
866,uncle boonmee who can recall his past lives,indiewire,12
1239,uncle boonmee who can recall his past lives,irish times,18
1295,uncle boonmee who can recall his past lives,the playlist,62
44,uncut gems,vulture,45
299,uncut gems,avclub,93
484,uncut gems,the stacker,45
780,uncut gems,gq,-1
14,under the skin,vulture,15
286,under the skin,gamesradar,5
381,under the skin,avclub,11
856,under the skin,indiewire,2
920,under the skin,independent,11
1172,under the skin,reddit users,28
1213,under the skin,hyperallergic,7
1255,under the skin,irish times,2
1348,under the skin,the playlist,9
850,universal soldier: day of reckoning,vanity fair - austin collin,26
851,unstoppable,vanity fair - austin collin,27
138,upstream color,insider,53
355,upstream color,avclub,37
852,upstream color,vanity fair - austin collin,28
1233,upstream color,irish times,24
1290,upstream color,the playlist,67
745,us,rotten tomatoes,-1
1001,us,looper,-1
746,wadjda,rotten tomatoes,-1
747,war for the planet of the apes,rotten tomatoes,-1
509,we were here,the stacker,20
304,weekend,avclub,88
530,weekend,vanity fair - richard lawson,9
1284,weekend,the playlist,73
748,weiner,rotten tomatoes,-1
436,western,the stacker,93
108,what we do in the shadows,insider,83
749,what we do in the shadows,rotten tomatoes,-1
971,what we do in the shadows,cnet,22
1206,what we do in the shadows,reddit users,62
1261,what we do in the shadows,the playlist,96
164,whiplash,insider,27
288,whiplash,gamesradar,3
354,whiplash,avclub,38
397,whiplash,esquire,5
750,whiplash,rotten tomatoes,-1
894,whiplash,entertainment.ie,16
973,whiplash,cnet,24
1010,whiplash,the ringer,4
1048,whiplash,nme,11
1148,whiplash,reddit users,4
1285,white material,the playlist,72
751,widows,rotten tomatoes,-1
783,widows,gq,-1
753,wildlife,rotten tomatoes,-1
1312,wildlife,the playlist,45
20,winter's bone,vulture,21
360,winter's bone,avclub,32
456,winter's bone,the stacker,73
1105,winter's bone,spin,-1
754,won t you be my neighbor,rotten tomatoes,-1
551,wonder woman,uproxx,-1
755,wonder woman,rotten tomatoes,-1
818,wonder woman,redbook,-1
979,wonder woman,cnet,30
871,world of tomorrow,indiewire,17
756,x-men: days of future past,rotten tomatoes,-1
22,you were never really here,vulture,23
234,you were never really here,gamesradar,57
309,you were never really here,avclub,83
918,you were never really here,independent,9
1030,you were never really here,columbus underground,17
1236,you were never really here,irish times,21
1345,you were never really here,the playlist,12
1038,young adult,columbus underground,25
107,your name,insider,84
757,your name,rotten tomatoes,-1
1140,your name,imdb user,6
201,youth,gamesradar,90
417,zama,new yorker,12
437,zama,the stacker,92
1209,zama,hyperallergic,3
1283,zama,the playlist,74
105,zero dark thirty,insider,86
273,zero dark thirty,gamesradar,18
315,zero dark thirty,avclub,77
517,zero dark thirty,the stacker,12
758,zero dark thirty,rotten tomatoes,-1
1266,zero dark thirty,the playlist,91
759,zootopia,rotten tomatoes,-1